product_category_name_english,Year_Month,Monthly_Revenue,Monthly_Orders
agro_industry_and_commerce,2017-01,65.97,2
agro_industry_and_commerce,2017-02,224.84,7
agro_industry_and_commerce,2017-03,81.99,2
agro_industry_and_commerce,2017-05,1579.94,4
agro_industry_and_commerce,2017-06,1390.0,1
agro_industry_and_commerce,2017-07,1180.0,1
agro_industry_and_commerce,2017-08,88.0,1
agro_industry_and_commerce,2017-09,1993.99,3
agro_industry_and_commerce,2017-10,3350.28,5
agro_industry_and_commerce,2017-11,13932.49,13
agro_industry_and_commerce,2017-12,5291.7,9
agro_industry_and_commerce,2018-01,5853.44,15
agro_industry_and_commerce,2018-02,7404.8,21
agro_industry_and_commerce,2018-03,6019.0,25
agro_industry_and_commerce,2018-04,4500.7,12
agro_industry_and_commerce,2018-05,3279.75,8
agro_industry_and_commerce,2018-06,3515.8,10
agro_industry_and_commerce,2018-07,7756.69,29
agro_industry_and_commerce,2018-08,5021.09,14
air_conditioning,2016-10,1707.09,5
air_conditioning,2017-01,663.7,3
air_conditioning,2017-02,3095.3,12
air_conditioning,2017-03,4103.81,16
air_conditioning,2017-04,2582.23,14
air_conditioning,2017-05,1016.77,7
air_conditioning,2017-06,2084.48,9
air_conditioning,2017-07,1396.1,5
air_conditioning,2017-08,4271.73,12
air_conditioning,2017-09,1731.05,8
air_conditioning,2017-10,2562.42,9
air_conditioning,2017-11,4076.62,16
air_conditioning,2017-12,668.8,3
air_conditioning,2018-01,4674.74,22
air_conditioning,2018-02,2626.89,11
air_conditioning,2018-03,2667.58,24
air_conditioning,2018-04,3261.79,22
air_conditioning,2018-05,2051.2,14
air_conditioning,2018-06,3567.9,9
air_conditioning,2018-07,2657.86,15
air_conditioning,2018-08,3556.9,17
art,2017-03,223.25,5
art,2017-04,119.9,1
art,2017-05,6967.65,8
art,2017-06,421.7,5
art,2017-07,386.75,3
art,2017-08,244.7,4
art,2017-09,388.54,3
art,2017-10,349.05,3
art,2017-11,75.0,1
art,2017-12,115.25,3
art,2018-01,2540.77,19
art,2018-02,1251.71,12
art,2018-03,461.5,7
art,2018-04,2140.28,26
art,2018-05,2691.86,35
art,2018-06,2500.14,28
art,2018-07,1843.2,21
art,2018-08,1481.39,18
arts_and_craftmanship,2017-05,21.99,1
arts_and_craftmanship,2017-07,129.9,1
arts_and_craftmanship,2018-04,15.99,1
arts_and_craftmanship,2018-05,89.8,1
arts_and_craftmanship,2018-07,654.57,10
arts_and_craftmanship,2018-08,901.76,9
audio,2016-10,156.99,2
audio,2017-02,163.8,5
audio,2017-03,1134.77,13
audio,2017-04,942.2,9
audio,2017-05,2081.18,17
audio,2017-06,1671.0,11
audio,2017-07,771.69,7
audio,2017-08,1050.7,7
audio,2017-09,1042.59,10
audio,2017-10,2348.48,32
audio,2017-11,3677.23,33
audio,2017-12,2686.93,17
audio,2018-01,3820.28,25
audio,2018-02,2828.49,15
audio,2018-03,10606.69,33
audio,2018-04,7045.07,30
audio,2018-05,2697.68,20
audio,2018-06,1830.69,19
audio,2018-07,2062.64,21
audio,2018-08,2069.4,24
auto,2016-10,1833.25,11
auto,2017-01,5218.53,30
auto,2017-02,13162.4,77
auto,2017-03,14482.07,76
auto,2017-04,15548.17,81
auto,2017-05,18640.03,106
auto,2017-06,31370.69,103
auto,2017-07,14119.74,106
auto,2017-08,20421.11,133
auto,2017-09,14544.67,97
auto,2017-10,21505.28,132
auto,2017-11,34838.08,244
auto,2017-12,39287.64,243
auto,2018-01,35995.02,244
auto,2018-02,41706.89,303
auto,2018-03,44753.24,325
auto,2018-04,49629.19,336
auto,2018-05,40928.14,298
auto,2018-06,45407.49,272
auto,2018-07,43830.29,327
auto,2018-08,45380.89,352
baby,2016-10,1630.16,11
baby,2017-01,6397.87,32
baby,2017-02,3048.48,33
baby,2017-03,3724.08,43
baby,2017-04,3980.45,48
baby,2017-05,9849.51,102
baby,2017-06,7864.74,72
baby,2017-07,15941.11,124
baby,2017-08,19982.13,125
baby,2017-09,24366.3,165
baby,2017-10,16497.5,134
baby,2017-11,21738.78,190
baby,2017-12,19943.08,139
baby,2018-01,30058.47,212
baby,2018-02,25985.82,169
baby,2018-03,41985.74,217
baby,2018-04,49821.84,222
baby,2018-05,34003.6,224
baby,2018-06,30755.12,207
baby,2018-07,22185.96,210
baby,2018-08,22004.15,206
bed_bath_table,2016-10,478.99,5
bed_bath_table,2017-01,3960.16,45
bed_bath_table,2017-02,16282.73,146
bed_bath_table,2017-03,25773.02,249
bed_bath_table,2017-04,24347.69,234
bed_bath_table,2017-05,33346.45,329
bed_bath_table,2017-06,35114.81,335
bed_bath_table,2017-07,63888.75,513
bed_bath_table,2017-08,57137.23,448
bed_bath_table,2017-09,52473.2,461
bed_bath_table,2017-10,46198.0,445
bed_bath_table,2017-11,89412.54,817
bed_bath_table,2017-12,50505.85,481
bed_bath_table,2018-01,76377.79,699
bed_bath_table,2018-02,60690.88,593
bed_bath_table,2018-03,69256.39,670
bed_bath_table,2018-04,72357.25,608
bed_bath_table,2018-05,71702.77,606
bed_bath_table,2018-06,71565.48,657
bed_bath_table,2018-07,55082.82,518
bed_bath_table,2018-08,61035.88,558
books_general_interest,2016-10,119.5,1
books_general_interest,2017-01,234.89,2
books_general_interest,2017-02,772.71,8
books_general_interest,2017-03,2648.96,20
books_general_interest,2017-04,923.38,12
books_general_interest,2017-05,1841.57,19
books_general_interest,2017-06,1940.08,20
books_general_interest,2017-07,1292.4,12
books_general_interest,2017-08,3214.8,29
books_general_interest,2017-09,965.14,15
books_general_interest,2017-10,734.5,8
books_general_interest,2017-11,2664.96,38
books_general_interest,2017-12,2397.1,38
books_general_interest,2018-01,2180.15,41
books_general_interest,2018-02,1912.65,29
books_general_interest,2018-03,1711.93,34
books_general_interest,2018-04,6295.51,43
books_general_interest,2018-05,6019.03,51
books_general_interest,2018-06,3299.49,32
books_general_interest,2018-07,4077.45,25
books_general_interest,2018-08,1564.78,34
books_imported,2017-02,99.0,1
books_imported,2017-04,19.99,1
books_imported,2017-06,99.0,1
books_imported,2017-08,61.0,1
books_imported,2017-09,290.0,3
books_imported,2017-11,324.0,3
books_imported,2017-12,231.0,3
books_imported,2018-01,583.0,6
books_imported,2018-02,325.0,3
books_imported,2018-03,259.0,2
books_imported,2018-04,317.99,4
books_imported,2018-05,410.92,9
books_imported,2018-06,468.17,9
books_imported,2018-07,402.78,6
books_imported,2018-08,749.0,1
books_technical,2016-10,267.0,1
books_technical,2017-02,159.0,1
books_technical,2017-03,75.0,2
books_technical,2017-04,75.0,1
books_technical,2017-05,262.0,3
books_technical,2017-06,145.9,2
books_technical,2017-07,528.0,2
books_technical,2017-08,1196.38,9
books_technical,2017-09,1001.35,8
books_technical,2017-10,880.0,6
books_technical,2017-11,768.9,5
books_technical,2017-12,670.69,4
books_technical,2018-01,1176.55,16
books_technical,2018-02,1411.21,23
books_technical,2018-03,913.47,17
books_technical,2018-04,1172.1,23
books_technical,2018-05,3055.48,55
books_technical,2018-06,1747.43,26
books_technical,2018-07,2106.81,28
books_technical,2018-08,1483.79,28
cds_dvds_musicals,2017-07,225.0,4
cds_dvds_musicals,2017-08,135.0,2
cds_dvds_musicals,2017-10,45.0,1
cds_dvds_musicals,2017-11,195.0,3
cds_dvds_musicals,2017-12,65.0,1
cds_dvds_musicals,2018-04,65.0,1
christmas_supplies,2017-04,69.0,1
christmas_supplies,2017-06,184.7,2
christmas_supplies,2017-07,65.09,2
christmas_supplies,2017-08,58.9,1
christmas_supplies,2017-09,254.7,3
christmas_supplies,2017-10,388.05,7
christmas_supplies,2017-11,1340.58,20
christmas_supplies,2017-12,493.9,14
christmas_supplies,2018-01,851.5,9
christmas_supplies,2018-02,2059.65,17
christmas_supplies,2018-03,854.95,12
christmas_supplies,2018-04,275.15,9
christmas_supplies,2018-05,524.53,6
christmas_supplies,2018-06,306.19,6
christmas_supplies,2018-07,509.56,8
christmas_supplies,2018-08,564.37,11
cine_photo,2017-02,59.0,1
cine_photo,2017-04,118.0,2
cine_photo,2017-05,59.0,1
cine_photo,2017-06,79.0,1
cine_photo,2017-09,69.0,1
cine_photo,2017-10,69.0,1
cine_photo,2017-11,242.0,1
cine_photo,2018-01,199.98,2
cine_photo,2018-02,227.99,2
cine_photo,2018-03,711.79,6
cine_photo,2018-04,521.74,5
cine_photo,2018-05,2277.29,17
cine_photo,2018-06,435.85,9
cine_photo,2018-07,1178.54,7
cine_photo,2018-08,685.28,9
computers,2017-01,2199.99,1
computers,2017-02,3549.0,1
computers,2017-08,33700.0,29
computers,2017-09,52878.88,40
computers,2017-10,40393.92,26
computers,2017-11,9768.0,7
computers,2017-12,16741.0,19
computers,2018-01,7450.0,12
computers,2018-04,13774.92,13
computers,2018-05,9429.92,7
computers,2018-06,13127.0,8
computers,2018-07,11239.0,8
computers,2018-08,8711.5,10
computers_accessories,2016-10,1399.32,18
computers_accessories,2017-01,3924.14,24
computers_accessories,2017-02,11972.59,97
computers_accessories,2017-03,28624.6,150
computers_accessories,2017-04,20691.06,120
computers_accessories,2017-05,45634.78,260
computers_accessories,2017-06,37007.08,219
computers_accessories,2017-07,38709.0,274
computers_accessories,2017-08,35025.72,297
computers_accessories,2017-09,28930.98,216
computers_accessories,2017-10,44022.09,265
computers_accessories,2017-11,72656.0,444
computers_accessories,2017-12,37880.65,252
computers_accessories,2018-01,83257.45,593
computers_accessories,2018-02,100855.23,801
computers_accessories,2018-03,85673.53,638
computers_accessories,2018-04,59651.2,481
computers_accessories,2018-05,51515.73,409
computers_accessories,2018-06,42215.46,357
computers_accessories,2018-07,41902.79,389
computers_accessories,2018-08,40293.93,384
consoles_games,2016-10,3882.26,10
consoles_games,2017-01,5954.2,21
consoles_games,2017-02,4294.77,18
consoles_games,2017-03,10768.84,48
consoles_games,2017-04,3772.88,15
consoles_games,2017-05,2507.2,26
consoles_games,2017-06,5389.02,27
consoles_games,2017-07,5680.16,46
consoles_games,2017-08,8824.25,85
consoles_games,2017-09,8910.37,61
consoles_games,2017-10,10608.87,101
consoles_games,2017-11,12608.88,129
consoles_games,2017-12,9075.01,88
consoles_games,2018-01,8200.98,53
consoles_games,2018-02,11978.73,51
consoles_games,2018-03,11858.72,54
consoles_games,2018-04,7239.4,43
consoles_games,2018-05,5664.07,40
consoles_games,2018-06,6903.01,41
consoles_games,2018-07,8519.11,49
consoles_games,2018-08,4824.49,56
construction_tools_construction,2017-01,310.0,1
construction_tools_construction,2017-02,336.79,3
construction_tools_construction,2017-03,773.4,4
construction_tools_construction,2017-05,99.99,1
construction_tools_construction,2017-06,376.37,4
construction_tools_construction,2017-07,549.44,5
construction_tools_construction,2017-08,1180.0,6
construction_tools_construction,2017-09,1289.2,8
construction_tools_construction,2017-10,2576.18,15
construction_tools_construction,2017-11,6993.56,36
construction_tools_construction,2017-12,5830.35,22
construction_tools_construction,2018-01,9664.18,40
construction_tools_construction,2018-02,9003.97,54
construction_tools_construction,2018-03,10549.38,52
construction_tools_construction,2018-04,13293.83,78
construction_tools_construction,2018-05,20748.6,89
construction_tools_construction,2018-06,22947.72,108
construction_tools_construction,2018-07,15237.47,98
construction_tools_construction,2018-08,22917.16,124
construction_tools_lights,2017-07,360.0,1
construction_tools_lights,2017-08,589.0,2
construction_tools_lights,2017-09,229.0,1
construction_tools_lights,2017-10,500.0,2
construction_tools_lights,2017-11,2199.48,9
construction_tools_lights,2017-12,176.0,2
construction_tools_lights,2018-01,2392.99,6
construction_tools_lights,2018-02,1610.8,9
construction_tools_lights,2018-03,2536.7,12
construction_tools_lights,2018-04,4962.67,37
construction_tools_lights,2018-05,5477.81,32
construction_tools_lights,2018-06,4583.41,35
construction_tools_lights,2018-07,7249.61,40
construction_tools_lights,2018-08,8212.53,56
construction_tools_safety,2017-02,379.0,1
construction_tools_safety,2017-03,380.0,2
construction_tools_safety,2017-08,8.9,1
construction_tools_safety,2017-09,1124.54,4
construction_tools_safety,2017-10,1668.85,9
construction_tools_safety,2017-11,3318.59,13
construction_tools_safety,2017-12,1384.92,7
construction_tools_safety,2018-01,2228.89,9
construction_tools_safety,2018-02,5965.75,7
construction_tools_safety,2018-03,5374.87,13
construction_tools_safety,2018-04,2887.26,23
construction_tools_safety,2018-05,7298.51,25
construction_tools_safety,2018-06,2565.37,16
construction_tools_safety,2018-07,1888.95,15
construction_tools_safety,2018-08,4070.12,22
cool_stuff,2016-10,1111.0,8
cool_stuff,2017-01,7784.87,32
cool_stuff,2017-02,13323.6,69
cool_stuff,2017-03,21095.21,121
cool_stuff,2017-04,21822.08,119
cool_stuff,2017-05,33696.47,236
cool_stuff,2017-06,38244.5,197
cool_stuff,2017-07,37506.76,222
cool_stuff,2017-08,41720.03,241
cool_stuff,2017-09,38210.34,200
cool_stuff,2017-10,44910.01,246
cool_stuff,2017-11,56295.24,291
cool_stuff,2017-12,39011.54,235
cool_stuff,2018-01,39739.7,289
cool_stuff,2018-02,31002.21,182
cool_stuff,2018-03,38353.22,242
cool_stuff,2018-04,35202.4,195
cool_stuff,2018-05,30039.11,169
cool_stuff,2018-06,19316.37,100
cool_stuff,2018-07,30551.61,118
cool_stuff,2018-08,16354.58,120
costruction_tools_garden,2017-02,579.98,1
costruction_tools_garden,2017-04,1490.21,7
costruction_tools_garden,2017-05,1577.24,6
costruction_tools_garden,2017-06,434.69,3
costruction_tools_garden,2017-07,347.58,7
costruction_tools_garden,2017-08,1286.19,7
costruction_tools_garden,2017-09,297.5,5
costruction_tools_garden,2017-10,746.9,8
costruction_tools_garden,2017-11,1218.5,14
costruction_tools_garden,2017-12,928.9,6
costruction_tools_garden,2018-01,3927.98,21
costruction_tools_garden,2018-02,1538.25,14
costruction_tools_garden,2018-03,2497.23,20
costruction_tools_garden,2018-04,1326.79,12
costruction_tools_garden,2018-05,1073.28,13
costruction_tools_garden,2018-06,799.44,11
costruction_tools_garden,2018-07,1956.47,20
costruction_tools_garden,2018-08,3688.76,19
costruction_tools_tools,2017-04,729.0,1
costruction_tools_tools,2017-05,803.9,2
costruction_tools_tools,2017-09,916.89,3
costruction_tools_tools,2017-10,1018.6,5
costruction_tools_tools,2017-11,269.5,4
costruction_tools_tools,2017-12,349.4,6
costruction_tools_tools,2018-01,532.3,8
costruction_tools_tools,2018-02,1318.2,11
costruction_tools_tools,2018-03,931.3,8
costruction_tools_tools,2018-04,1332.99,16
costruction_tools_tools,2018-05,417.9,5
costruction_tools_tools,2018-06,527.0,4
costruction_tools_tools,2018-07,5501.2,10
costruction_tools_tools,2018-08,1255.77,14
diapers_and_hygiene,2016-10,134.9,1
diapers_and_hygiene,2017-12,76.0,1
diapers_and_hygiene,2018-01,125.0,1
diapers_and_hygiene,2018-02,100.0,1
diapers_and_hygiene,2018-03,163.0,2
diapers_and_hygiene,2018-04,149.0,4
diapers_and_hygiene,2018-05,117.0,3
diapers_and_hygiene,2018-06,321.0,7
diapers_and_hygiene,2018-07,149.8,4
diapers_and_hygiene,2018-08,231.89,3
drinks,2017-03,463.87,4
drinks,2017-04,199.93,2
drinks,2017-05,90.0,1
drinks,2017-06,49.99,1
drinks,2017-07,273.97,2
drinks,2017-08,119.9,2
drinks,2017-09,327.97,7
drinks,2017-10,596.98,10
drinks,2017-11,748.61,15
drinks,2017-12,2132.84,31
drinks,2018-01,2307.61,40
drinks,2018-02,1967.44,27
drinks,2018-03,962.7,20
drinks,2018-04,5016.44,29
drinks,2018-05,2790.98,34
drinks,2018-06,1567.07,30
drinks,2018-07,1335.17,17
drinks,2018-08,1477.23,25
dvds_blu_ray,2017-01,29.8,1
dvds_blu_ray,2017-02,14.9,1
dvds_blu_ray,2017-03,1873.7,4
dvds_blu_ray,2017-04,1434.9,2
dvds_blu_ray,2017-05,89.6,4
dvds_blu_ray,2017-06,126.69,4
dvds_blu_ray,2017-07,749.7,4
dvds_blu_ray,2017-08,113.4,6
dvds_blu_ray,2017-09,39.8,2
dvds_blu_ray,2017-10,194.5,5
dvds_blu_ray,2017-11,79.79,3
dvds_blu_ray,2017-12,119.9,1
dvds_blu_ray,2018-01,49.8,2
dvds_blu_ray,2018-02,24.9,1
dvds_blu_ray,2018-03,49.8,2
dvds_blu_ray,2018-04,92.5,4
dvds_blu_ray,2018-05,439.94,6
dvds_blu_ray,2018-06,382.88,5
dvds_blu_ray,2018-07,83.99,1
dvds_blu_ray,2018-08,8.9,1
electronics,2016-10,1306.99,2
electronics,2017-01,617.0,11
electronics,2017-02,1218.85,14
electronics,2017-03,3986.0,32
electronics,2017-04,4822.24,47
electronics,2017-05,6709.11,62
electronics,2017-06,2100.04,40
electronics,2017-07,7346.84,87
electronics,2017-08,2854.15,52
electronics,2017-09,4338.96,65
electronics,2017-10,3454.32,56
electronics,2017-11,10026.14,165
electronics,2017-12,8537.51,190
electronics,2018-01,15996.68,322
electronics,2018-02,14780.6,301
electronics,2018-03,12554.8,244
electronics,2018-04,11022.43,203
electronics,2018-05,16989.29,223
electronics,2018-06,9664.57,174
electronics,2018-07,11150.75,145
electronics,2018-08,10769.47,115
fashio_female_clothing,2016-10,54.9,1
fashio_female_clothing,2017-01,77.3,2
fashio_female_clothing,2017-02,457.8,4
fashio_female_clothing,2017-03,19.9,1
fashio_female_clothing,2017-04,64.9,1
fashio_female_clothing,2017-05,422.4,5
fashio_female_clothing,2017-06,154.8,3
fashio_female_clothing,2017-07,310.7,4
fashio_female_clothing,2017-08,188.7,4
fashio_female_clothing,2017-09,355.7,3
fashio_female_clothing,2017-11,79.88,3
fashio_female_clothing,2018-01,161.79,3
fashio_female_clothing,2018-02,29.99,1
fashio_female_clothing,2018-03,119.96,1
fashio_female_clothing,2018-04,174.95,1
fashio_female_clothing,2018-08,129.97,2
fashion_bags_accessories,2016-10,508.3,8
fashion_bags_accessories,2016-12,10.9,1
fashion_bags_accessories,2017-01,1671.97,30
fashion_bags_accessories,2017-02,2374.11,35
fashion_bags_accessories,2017-03,4861.16,62
fashion_bags_accessories,2017-04,3219.8,46
fashion_bags_accessories,2017-05,7498.67,97
fashion_bags_accessories,2017-06,6831.03,77
fashion_bags_accessories,2017-07,5193.1,82
fashion_bags_accessories,2017-08,6617.68,89
fashion_bags_accessories,2017-09,11948.22,103
fashion_bags_accessories,2017-10,7906.06,95
fashion_bags_accessories,2017-11,13414.89,185
fashion_bags_accessories,2017-12,10028.46,124
fashion_bags_accessories,2018-01,7931.72,116
fashion_bags_accessories,2018-02,9786.63,102
fashion_bags_accessories,2018-03,10261.58,131
fashion_bags_accessories,2018-04,9030.85,96
fashion_bags_accessories,2018-05,11519.16,105
fashion_bags_accessories,2018-06,7869.95,82
fashion_bags_accessories,2018-07,6161.87,76
fashion_bags_accessories,2018-08,8177.43,122
fashion_childrens_clothes,2017-05,110.0,1
fashion_childrens_clothes,2017-06,110.0,1
fashion_childrens_clothes,2017-08,49.9,1
fashion_childrens_clothes,2017-09,89.99,1
fashion_childrens_clothes,2017-10,39.99,1
fashion_childrens_clothes,2018-03,79.98,2
fashion_childrens_clothes,2018-06,89.99,1
fashion_male_clothing,2016-10,24.9,1
fashion_male_clothing,2017-01,126.9,1
fashion_male_clothing,2017-02,642.85,7
fashion_male_clothing,2017-03,580.8,7
fashion_male_clothing,2017-04,416.69,6
fashion_male_clothing,2017-05,608.9,3
fashion_male_clothing,2017-06,569.69,8
fashion_male_clothing,2017-07,719.99,8
fashion_male_clothing,2017-08,1205.05,13
fashion_male_clothing,2017-09,1177.5,10
fashion_male_clothing,2017-10,1041.8,9
fashion_male_clothing,2017-11,929.99,11
fashion_male_clothing,2017-12,450.89,4
fashion_male_clothing,2018-01,550.6,5
fashion_male_clothing,2018-02,388.09,3
fashion_male_clothing,2018-04,195.0,1
fashion_male_clothing,2018-05,129.99,1
fashion_male_clothing,2018-06,447.8,6
fashion_male_clothing,2018-07,208.7,5
fashion_male_clothing,2018-08,381.69,3
fashion_shoes,2016-10,29.99,1
fashion_shoes,2017-01,34.9,1
fashion_shoes,2017-02,107.05,2
fashion_shoes,2017-03,1515.0,13
fashion_shoes,2017-04,1526.5,20
fashion_shoes,2017-05,1669.54,22
fashion_shoes,2017-06,1351.2,17
fashion_shoes,2017-07,1423.01,19
fashion_shoes,2017-08,1491.69,18
fashion_shoes,2017-09,1179.6,13
fashion_shoes,2017-10,1860.92,16
fashion_shoes,2017-11,1777.7,18
fashion_shoes,2017-12,1099.0,12
fashion_shoes,2018-01,666.7,7
fashion_shoes,2018-02,1033.7,10
fashion_shoes,2018-03,1252.8,12
fashion_shoes,2018-04,1438.7,11
fashion_shoes,2018-05,1582.7,10
fashion_shoes,2018-06,1230.58,10
fashion_shoes,2018-07,820.19,5
fashion_shoes,2018-08,471.3,3
fashion_sport,2017-03,39.9,1
fashion_sport,2017-04,189.78,4
fashion_sport,2017-05,124.84,3
fashion_sport,2017-06,495.49,6
fashion_sport,2017-07,69.9,1
fashion_sport,2017-08,265.8,2
fashion_sport,2017-09,384.6,2
fashion_sport,2017-10,59.9,1
fashion_sport,2017-11,59.9,1
fashion_sport,2017-12,59.9,1
fashion_sport,2018-01,119.8,2
fashion_sport,2018-03,89.9,1
fashion_sport,2018-04,89.9,1
fashion_sport,2018-08,69.9,1
fashion_underwear_beach,2017-01,137.25,2
fashion_underwear_beach,2017-02,396.97,6
fashion_underwear_beach,2017-03,394.14,6
fashion_underwear_beach,2017-04,98.79,4
fashion_underwear_beach,2017-05,283.5,6
fashion_underwear_beach,2017-06,3.9,1
fashion_underwear_beach,2017-07,274.8,3
fashion_underwear_beach,2017-08,1111.0,13
fashion_underwear_beach,2017-09,1789.7,16
fashion_underwear_beach,2017-10,187.8,3
fashion_underwear_beach,2017-11,1221.6,10
fashion_underwear_beach,2017-12,1173.1,13
fashion_underwear_beach,2018-01,754.5,8
fashion_underwear_beach,2018-02,399.3,7
fashion_underwear_beach,2018-03,289.4,5
fashion_underwear_beach,2018-04,359.4,6
fashion_underwear_beach,2018-05,207.4,5
fashion_underwear_beach,2018-06,129.3,3
fashion_underwear_beach,2018-07,109.8,2
fashion_underwear_beach,2018-08,219.9,2
fixed_telephony,2016-10,704.88,5
fixed_telephony,2017-01,677.12,19
fixed_telephony,2017-02,759.23,18
fixed_telephony,2017-03,1592.35,15
fixed_telephony,2017-04,2998.33,7
fixed_telephony,2017-05,462.33,10
fixed_telephony,2017-06,933.67,12
fixed_telephony,2017-07,218.73,8
fixed_telephony,2017-08,3343.54,14
fixed_telephony,2017-09,13692.91,6
fixed_telephony,2017-10,3751.88,6
fixed_telephony,2017-11,943.98,5
fixed_telephony,2017-12,998.77,5
fixed_telephony,2018-01,2444.1,10
fixed_telephony,2018-02,6138.67,10
fixed_telephony,2018-03,1930.59,12
fixed_telephony,2018-04,1921.94,10
fixed_telephony,2018-05,1946.1,12
fixed_telephony,2018-06,2080.32,15
fixed_telephony,2018-07,9319.39,8
fixed_telephony,2018-08,2724.17,10
flowers,2017-11,187.8,6
flowers,2017-12,82.7,2
flowers,2018-01,284.6,7
flowers,2018-02,134.48,4
flowers,2018-03,89.67,3
flowers,2018-04,158.4,3
flowers,2018-05,16.4,1
flowers,2018-06,108.0,1
flowers,2018-07,47.99,2
food,2016-10,79.9,1
food,2017-01,42.82,2
food,2017-02,715.63,9
food,2017-03,2667.56,22
food,2017-04,491.3,8
food,2017-05,387.9,3
food,2017-06,149.9,1
food,2017-07,584.16,7
food,2017-08,364.5,8
food,2017-09,992.92,13
food,2017-10,806.06,12
food,2017-11,556.95,11
food,2017-12,978.19,12
food,2018-01,868.41,19
food,2018-02,1933.42,31
food,2018-03,1559.9,33
food,2018-04,1665.43,36
food,2018-05,1542.93,36
food,2018-06,1371.18,24
food,2018-07,3378.17,59
food,2018-08,8256.18,103
food_drink,2017-03,110.8,5
food_drink,2017-04,47.9,2
food_drink,2017-05,416.29,12
food_drink,2017-06,57.4,2
food_drink,2017-07,168.2,7
food_drink,2017-08,494.81,12
food_drink,2017-09,310.86,6
food_drink,2017-10,2297.23,15
food_drink,2017-11,2445.57,28
food_drink,2017-12,1098.68,19
food_drink,2018-01,341.17,10
food_drink,2018-02,1059.1,21
food_drink,2018-03,2350.77,17
food_drink,2018-04,605.07,16
food_drink,2018-05,1239.44,15
food_drink,2018-06,293.85,9
food_drink,2018-07,813.73,15
food_drink,2018-08,1028.61,16
furniture_bedroom,2017-01,73.2,8
furniture_bedroom,2017-02,450.0,1
furniture_bedroom,2017-04,858.96,4
furniture_bedroom,2017-05,2369.97,6
furniture_bedroom,2017-06,308.99,2
furniture_bedroom,2017-07,1206.99,5
furniture_bedroom,2017-08,618.0,3
furniture_bedroom,2017-09,709.6,3
furniture_bedroom,2017-10,1193.9,4
furniture_bedroom,2017-11,873.0,3
furniture_bedroom,2017-12,185.0,1
furniture_bedroom,2018-01,914.8,5
furniture_bedroom,2018-02,1094.8,7
furniture_bedroom,2018-03,1071.8,6
furniture_bedroom,2018-04,1470.9,7
furniture_bedroom,2018-05,1484.98,5
furniture_bedroom,2018-06,1559.99,8
furniture_bedroom,2018-07,1386.9,7
furniture_bedroom,2018-08,2197.0,10
furniture_decor,2016-09,72.89,1
furniture_decor,2016-10,5807.89,51
furniture_decor,2017-01,13521.31,137
furniture_decor,2017-02,20986.1,221
furniture_decor,2017-03,23477.63,265
furniture_decor,2017-04,21690.42,169
furniture_decor,2017-05,24028.51,234
furniture_decor,2017-06,16943.58,180
furniture_decor,2017-07,24751.92,253
furniture_decor,2017-08,35511.73,332
furniture_decor,2017-09,30838.69,275
furniture_decor,2017-10,30227.51,270
furniture_decor,2017-11,63223.97,547
furniture_decor,2017-12,32011.75,315
furniture_decor,2018-01,55438.18,478
furniture_decor,2018-02,38646.52,342
furniture_decor,2018-03,52244.04,442
furniture_decor,2018-04,56793.01,466
furniture_decor,2018-05,54260.98,462
furniture_decor,2018-06,42190.22,318
furniture_decor,2018-07,45715.49,347
furniture_decor,2018-08,41380.15,344
furniture_living_room,2017-01,1241.9,8
furniture_living_room,2017-02,3791.63,15
furniture_living_room,2017-03,3324.0,17
furniture_living_room,2017-04,2073.34,11
furniture_living_room,2017-05,4929.43,29
furniture_living_room,2017-06,1713.3,12
furniture_living_room,2017-07,4395.12,27
furniture_living_room,2017-08,2478.07,21
furniture_living_room,2017-09,1275.87,11
furniture_living_room,2017-10,1532.79,13
furniture_living_room,2017-11,6212.95,29
furniture_living_room,2017-12,2316.01,16
furniture_living_room,2018-01,2308.1,22
furniture_living_room,2018-02,4402.78,19
furniture_living_room,2018-03,3521.87,19
furniture_living_room,2018-04,5133.73,25
furniture_living_room,2018-05,2721.08,13
furniture_living_room,2018-06,3541.62,27
furniture_living_room,2018-07,6779.63,50
furniture_living_room,2018-08,5223.34,38
furniture_mattress_and_upholstery,2017-04,109.4,1
furniture_mattress_and_upholstery,2017-05,595.89,3
furniture_mattress_and_upholstery,2017-07,109.4,1
furniture_mattress_and_upholstery,2017-08,509.39,2
furniture_mattress_and_upholstery,2017-09,86.5,1
furniture_mattress_and_upholstery,2017-11,334.0,2
furniture_mattress_and_upholstery,2017-12,803.7,8
furniture_mattress_and_upholstery,2018-01,860.5,9
furniture_mattress_and_upholstery,2018-02,389.4,6
furniture_mattress_and_upholstery,2018-03,440.0,4
furniture_mattress_and_upholstery,2018-07,129.9,1
garden_tools,2016-10,1359.88,5
garden_tools,2017-01,8152.75,40
garden_tools,2017-02,13144.61,63
garden_tools,2017-03,23747.15,121
garden_tools,2017-04,20809.28,99
garden_tools,2017-05,20693.46,124
garden_tools,2017-06,15851.17,102
garden_tools,2017-07,20067.05,159
garden_tools,2017-08,24269.4,199
garden_tools,2017-09,22507.23,179
garden_tools,2017-10,25978.74,214
garden_tools,2017-11,45972.18,433
garden_tools,2017-12,27689.69,245
garden_tools,2018-01,27037.94,205
garden_tools,2018-02,26838.03,232
garden_tools,2018-03,27612.25,205
garden_tools,2018-04,35037.64,238
garden_tools,2018-05,37863.18,230
garden_tools,2018-06,18018.71,149
garden_tools,2018-07,26173.78,154
garden_tools,2018-08,16432.34,122
health_beauty,2016-09,134.97,1
health_beauty,2016-10,4552.51,44
health_beauty,2017-01,12561.32,82
health_beauty,2017-02,22838.79,155
health_beauty,2017-03,25995.25,193
health_beauty,2017-04,22935.75,176
health_beauty,2017-05,46786.02,267
health_beauty,2017-06,32029.39,239
health_beauty,2017-07,34896.86,278
health_beauty,2017-08,49873.9,345
health_beauty,2017-09,51537.65,360
health_beauty,2017-10,41915.72,332
health_beauty,2017-11,79120.4,530
health_beauty,2017-12,61264.66,432
health_beauty,2018-01,72470.49,572
health_beauty,2018-02,86996.06,607
health_beauty,2018-03,90034.41,621
health_beauty,2018-04,91751.04,626
health_beauty,2018-05,96460.36,686
health_beauty,2018-06,107908.82,799
health_beauty,2018-07,105813.03,713
health_beauty,2018-08,120803.94,778
home_appliances,2017-02,740.9,7
home_appliances,2017-03,313.3,9
home_appliances,2017-04,499.4,9
home_appliances,2017-05,1912.79,28
home_appliances,2017-06,2507.19,42
home_appliances,2017-07,3671.99,37
home_appliances,2017-08,4587.05,49
home_appliances,2017-09,1820.19,10
home_appliances,2017-10,1951.08,8
home_appliances,2017-11,4515.94,25
home_appliances,2017-12,1331.0,16
home_appliances,2018-01,1795.05,27
home_appliances,2018-02,5583.74,48
home_appliances,2018-03,9876.59,70
home_appliances,2018-04,15124.25,106
home_appliances,2018-05,6149.67,63
home_appliances,2018-06,5916.37,67
home_appliances,2018-07,5290.63,79
home_appliances,2018-08,6584.4,64
home_appliances_2,2017-01,2126.68,7
home_appliances_2,2017-02,15.99,1
home_appliances_2,2017-03,500.9,2
home_appliances_2,2017-04,799.8,2
home_appliances_2,2017-05,3093.04,9
home_appliances_2,2017-06,1213.87,6
home_appliances_2,2017-07,1033.99,7
home_appliances_2,2017-08,4004.55,17
home_appliances_2,2017-09,1627.8,6
home_appliances_2,2017-10,2803.17,10
home_appliances_2,2017-11,4854.93,13
home_appliances_2,2017-12,1990.16,8
home_appliances_2,2018-01,8630.1,12
home_appliances_2,2018-02,8998.83,21
home_appliances_2,2018-03,5648.2,12
home_appliances_2,2018-04,20741.69,23
home_appliances_2,2018-05,14441.24,23
home_appliances_2,2018-06,8312.72,18
home_appliances_2,2018-07,12597.32,22
home_appliances_2,2018-08,9882.76,15
home_comfort_2,2017-01,72.8,2
home_comfort_2,2017-03,342.88,3
home_comfort_2,2017-04,12.9,1
home_comfort_2,2017-06,12.9,1
home_comfort_2,2017-07,12.9,1
home_comfort_2,2017-08,38.7,2
home_comfort_2,2017-09,12.9,1
home_comfort_2,2017-10,64.5,3
home_comfort_2,2017-11,38.7,3
home_comfort_2,2018-02,38.7,2
home_comfort_2,2018-03,34.99,1
home_comfort_2,2018-04,12.9,1
home_comfort_2,2018-06,25.8,1
home_comfort_2,2018-07,38.7,2
home_confort,2017-02,414.66,3
home_confort,2017-03,2123.4,12
home_confort,2017-04,2411.1,16
home_confort,2017-05,5293.87,34
home_confort,2017-06,3056.19,18
home_confort,2017-07,4563.85,36
home_confort,2017-08,4000.19,24
home_confort,2017-09,4592.34,26
home_confort,2017-10,3619.8,26
home_confort,2017-11,5355.39,40
home_confort,2017-12,2257.8,14
home_confort,2018-01,3020.16,18
home_confort,2018-02,3012.76,20
home_confort,2018-03,2522.38,21
home_confort,2018-04,1939.4,15
home_confort,2018-05,2776.6,19
home_confort,2018-06,2386.49,16
home_confort,2018-07,2984.38,24
home_confort,2018-08,2241.28,15
home_construction,2017-02,695.6,3
home_construction,2017-03,591.96,5
home_construction,2017-04,1602.69,5
home_construction,2017-05,1620.5,5
home_construction,2017-06,1992.3,4
home_construction,2017-07,93.6,1
home_construction,2017-08,124.8,1
home_construction,2017-09,1357.81,9
home_construction,2017-10,4201.17,15
home_construction,2017-11,4936.72,33
home_construction,2017-12,6735.3,30
home_construction,2018-01,5827.58,28
home_construction,2018-02,5303.9,32
home_construction,2018-03,5639.51,34
home_construction,2018-04,9318.5,59
home_construction,2018-05,10155.28,63
home_construction,2018-06,9094.59,60
home_construction,2018-07,6780.15,58
home_construction,2018-08,7016.16,45
housewares,2016-10,1287.07,9
housewares,2017-01,2827.58,21
housewares,2017-02,12659.67,68
housewares,2017-03,13511.81,178
housewares,2017-04,15028.84,144
housewares,2017-05,21726.48,264
housewares,2017-06,23623.71,289
housewares,2017-07,20874.3,225
housewares,2017-08,23733.94,249
housewares,2017-09,20313.26,223
housewares,2017-10,15996.63,191
housewares,2017-11,34855.32,353
housewares,2017-12,25921.95,249
housewares,2018-01,38078.31,322
housewares,2018-02,35448.56,342
housewares,2018-03,37514.44,338
housewares,2018-04,45405.96,420
housewares,2018-05,63003.57,493
housewares,2018-06,56825.45,470
housewares,2018-07,63409.14,474
housewares,2018-08,60202.67,562
industry_commerce_and_business,2016-10,359.6,3
industry_commerce_and_business,2017-02,119.0,1
industry_commerce_and_business,2017-03,238.0,2
industry_commerce_and_business,2017-05,519.8,2
industry_commerce_and_business,2017-06,276.97,2
industry_commerce_and_business,2017-07,245.96,2
industry_commerce_and_business,2017-08,956.9,3
industry_commerce_and_business,2017-09,219.98,2
industry_commerce_and_business,2017-10,2256.69,5
industry_commerce_and_business,2017-11,2074.77,7
industry_commerce_and_business,2017-12,1828.5,9
industry_commerce_and_business,2018-01,3662.0,16
industry_commerce_and_business,2018-02,4735.59,29
industry_commerce_and_business,2018-03,2922.45,26
industry_commerce_and_business,2018-04,5690.61,48
industry_commerce_and_business,2018-05,3890.99,35
industry_commerce_and_business,2018-06,2280.9,20
industry_commerce_and_business,2018-07,4697.21,13
industry_commerce_and_business,2018-08,2364.69,9
kitchen_dining_laundry_garden_furniture,2017-01,110.0,1
kitchen_dining_laundry_garden_furniture,2017-02,139.9,2
kitchen_dining_laundry_garden_furniture,2017-03,113.98,3
kitchen_dining_laundry_garden_furniture,2017-04,1033.4,8
kitchen_dining_laundry_garden_furniture,2017-05,1304.48,9
kitchen_dining_laundry_garden_furniture,2017-06,374.8,4
kitchen_dining_laundry_garden_furniture,2017-07,1316.5,9
kitchen_dining_laundry_garden_furniture,2017-08,1006.2,7
kitchen_dining_laundry_garden_furniture,2017-09,464.09,5
kitchen_dining_laundry_garden_furniture,2017-10,3428.6,14
kitchen_dining_laundry_garden_furniture,2017-11,5007.39,28
kitchen_dining_laundry_garden_furniture,2017-12,4277.3,16
kitchen_dining_laundry_garden_furniture,2018-01,4838.5,20
kitchen_dining_laundry_garden_furniture,2018-02,4750.16,17
kitchen_dining_laundry_garden_furniture,2018-03,2842.66,12
kitchen_dining_laundry_garden_furniture,2018-04,3165.47,19
kitchen_dining_laundry_garden_furniture,2018-05,2310.09,10
kitchen_dining_laundry_garden_furniture,2018-06,3667.43,22
kitchen_dining_laundry_garden_furniture,2018-07,3875.95,21
kitchen_dining_laundry_garden_furniture,2018-08,2156.47,20
kitchen_dining_laundry_garden_furniture,2018-09,145.0,1
la_cuisine,2017-04,24.0,1
la_cuisine,2017-05,193.0,1
la_cuisine,2017-07,469.99,4
la_cuisine,2017-08,313.0,2
la_cuisine,2017-10,137.0,1
la_cuisine,2017-11,137.0,1
la_cuisine,2018-01,112.0,1
la_cuisine,2018-03,389.0,1
la_cuisine,2018-04,280.0,1
luggage_accessories,2017-01,492.5,4
luggage_accessories,2017-02,1694.18,20
luggage_accessories,2017-03,5924.01,35
luggage_accessories,2017-04,7150.2,47
luggage_accessories,2017-05,12539.62,64
luggage_accessories,2017-06,8232.09,60
luggage_accessories,2017-07,8357.61,73
luggage_accessories,2017-08,6833.1,58
luggage_accessories,2017-09,3885.38,41
luggage_accessories,2017-10,6240.34,52
luggage_accessories,2017-11,8538.95,65
luggage_accessories,2017-12,6248.21,45
luggage_accessories,2018-01,18738.22,123
luggage_accessories,2018-02,6604.35,45
luggage_accessories,2018-03,5911.77,52
luggage_accessories,2018-04,8680.48,53
luggage_accessories,2018-05,6618.46,44
luggage_accessories,2018-06,5070.88,36
luggage_accessories,2018-07,5821.72,53
luggage_accessories,2018-08,6847.91,64
market_place,2016-10,1306.19,7
market_place,2017-01,447.04,6
market_place,2017-02,1688.22,19
market_place,2017-03,1808.59,17
market_place,2017-04,4090.18,20
market_place,2017-05,2476.98,21
market_place,2017-06,1258.95,15
market_place,2017-07,1573.38,13
market_place,2017-08,1937.39,22
market_place,2017-09,1147.21,11
market_place,2017-10,1019.54,10
market_place,2017-11,1355.98,11
market_place,2017-12,703.25,13
market_place,2018-01,818.72,12
market_place,2018-02,1920.92,20
market_place,2018-03,1548.74,16
market_place,2018-04,627.23,15
market_place,2018-05,957.45,13
market_place,2018-06,556.46,7
market_place,2018-07,186.78,4
market_place,2018-08,949.27,8
music,2017-01,19.8,2
music,2017-03,27.99,1
music,2017-04,59.8,2
music,2017-06,1066.9,4
music,2017-07,329.0,1
music,2017-10,54.9,1
music,2018-01,24.97,1
music,2018-02,244.97,2
music,2018-03,323.97,2
music,2018-04,1696.86,5
music,2018-05,729.0,5
music,2018-06,109.08,3
music,2018-07,849.3,3
music,2018-08,497.81,6
musical_instruments,2017-01,339.74,1
musical_instruments,2017-02,2221.28,8
musical_instruments,2017-03,1667.33,9
musical_instruments,2017-04,3818.43,16
musical_instruments,2017-05,10019.43,19
musical_instruments,2017-06,4993.05,17
musical_instruments,2017-07,8411.59,28
musical_instruments,2017-08,7185.55,24
musical_instruments,2017-09,9034.97,24
musical_instruments,2017-10,6859.16,22
musical_instruments,2017-11,16509.9,44
musical_instruments,2017-12,10823.5,41
musical_instruments,2018-01,15405.58,51
musical_instruments,2018-02,9015.73,39
musical_instruments,2018-03,10822.2,51
musical_instruments,2018-04,19375.31,57
musical_instruments,2018-05,18757.07,59
musical_instruments,2018-06,16177.92,46
musical_instruments,2018-07,9541.8,33
musical_instruments,2018-08,10519.34,39
office_furniture,2016-10,1300.88,6
office_furniture,2017-01,1444.35,7
office_furniture,2017-02,11805.98,53
office_furniture,2017-03,11783.51,60
office_furniture,2017-04,9411.3,48
office_furniture,2017-05,8403.43,42
office_furniture,2017-06,7279.13,45
office_furniture,2017-07,16892.61,97
office_furniture,2017-08,9877.36,46
office_furniture,2017-09,9208.65,37
office_furniture,2017-10,17890.83,69
office_furniture,2017-11,18048.2,76
office_furniture,2017-12,6964.36,39
office_furniture,2018-01,20113.41,106
office_furniture,2018-02,17774.78,72
office_furniture,2018-03,31301.62,151
office_furniture,2018-04,20194.72,88
office_furniture,2018-05,21005.86,83
office_furniture,2018-06,12725.58,60
office_furniture,2018-07,13775.27,64
office_furniture,2018-08,6758.87,24
party_supplies,2017-07,69.9,1
party_supplies,2017-09,269.8,1
party_supplies,2017-10,137.8,2
party_supplies,2017-11,870.69,4
party_supplies,2017-12,515.2,2
party_supplies,2018-01,135.8,2
party_supplies,2018-03,913.9,5
party_supplies,2018-04,43.8,1
party_supplies,2018-05,100.7,3
party_supplies,2018-06,84.8,2
party_supplies,2018-07,57.5,2
party_supplies,2018-08,1285.29,14
perfumery,2016-10,5688.7,30
perfumery,2017-01,5112.6,29
perfumery,2017-02,8127.18,49
perfumery,2017-03,19808.13,104
perfumery,2017-04,19891.11,101
perfumery,2017-05,20119.04,134
perfumery,2017-06,24438.1,146
perfumery,2017-07,12910.02,119
perfumery,2017-08,13142.09,118
perfumery,2017-09,14744.87,142
perfumery,2017-10,16984.62,177
perfumery,2017-11,31831.81,293
perfumery,2017-12,27864.43,233
perfumery,2018-01,20036.89,213
perfumery,2018-02,20632.7,198
perfumery,2018-03,20473.25,186
perfumery,2018-04,17790.31,160
perfumery,2018-05,24757.7,180
perfumery,2018-06,27335.86,169
perfumery,2018-07,22417.77,174
perfumery,2018-08,25017.69,207
pet_shop,2016-10,689.68,4
pet_shop,2017-01,967.12,13
pet_shop,2017-02,3729.07,37
pet_shop,2017-03,8369.96,41
pet_shop,2017-04,6182.89,46
pet_shop,2017-05,8151.02,66
pet_shop,2017-06,5243.57,61
pet_shop,2017-07,6605.87,71
pet_shop,2017-08,10500.79,76
pet_shop,2017-09,8534.92,62
pet_shop,2017-10,8243.58,64
pet_shop,2017-11,11325.68,84
pet_shop,2017-12,7227.23,71
pet_shop,2018-01,10885.96,77
pet_shop,2018-02,9595.03,89
pet_shop,2018-03,13643.69,110
pet_shop,2018-04,18778.3,153
pet_shop,2018-05,11708.46,127
pet_shop,2018-06,19491.78,151
pet_shop,2018-07,19583.74,140
pet_shop,2018-08,24857.07,167
security_and_services,2017-01,183.29,1
security_and_services,2017-09,100.0,1
signaling_and_security,2017-03,75.0,1
signaling_and_security,2017-04,128.06,3
signaling_and_security,2017-05,508.85,3
signaling_and_security,2017-06,273.9,2
signaling_and_security,2017-07,530.19,5
signaling_and_security,2017-08,377.8,4
signaling_and_security,2017-09,438.4,5
signaling_and_security,2017-10,744.0,7
signaling_and_security,2017-11,596.79,3
signaling_and_security,2017-12,770.0,2
signaling_and_security,2018-01,1048.79,7
signaling_and_security,2018-02,715.79,10
signaling_and_security,2018-03,921.9,7
signaling_and_security,2018-04,2222.3,22
signaling_and_security,2018-05,683.5,6
signaling_and_security,2018-06,5863.18,18
signaling_and_security,2018-07,3785.19,19
signaling_and_security,2018-08,1825.59,16
small_appliances,2017-01,1660.79,6
small_appliances,2017-02,7251.58,25
small_appliances,2017-03,11171.06,31
small_appliances,2017-04,23253.98,21
small_appliances,2017-05,5241.44,16
small_appliances,2017-06,9698.81,23
small_appliances,2017-07,4621.36,33
small_appliances,2017-08,4297.01,32
small_appliances,2017-09,10965.63,32
small_appliances,2017-10,6464.85,30
small_appliances,2017-11,7826.82,30
small_appliances,2017-12,8913.77,28
small_appliances,2018-01,15450.76,52
small_appliances,2018-02,5245.16,30
small_appliances,2018-03,14260.15,36
small_appliances,2018-04,12211.41,61
small_appliances,2018-05,10620.99,39
small_appliances,2018-06,16022.7,44
small_appliances,2018-07,8711.25,36
small_appliances,2018-08,6759.06,25
small_appliances_home_oven_and_coffee,2017-06,71.9,1
small_appliances_home_oven_and_coffee,2017-08,109.06,2
small_appliances_home_oven_and_coffee,2017-09,640.99,1
small_appliances_home_oven_and_coffee,2018-01,369.99,1
small_appliances_home_oven_and_coffee,2018-02,3024.9,5
small_appliances_home_oven_and_coffee,2018-03,7890.9,7
small_appliances_home_oven_and_coffee,2018-04,13980.98,15
small_appliances_home_oven_and_coffee,2018-05,10161.6,9
small_appliances_home_oven_and_coffee,2018-06,3499.0,3
small_appliances_home_oven_and_coffee,2018-07,4699.67,14
small_appliances_home_oven_and_coffee,2018-08,2996.72,17
sports_leisure,2016-10,3333.64,19
sports_leisure,2017-01,9717.62,62
sports_leisure,2017-02,16372.16,139
sports_leisure,2017-03,27001.59,171
sports_leisure,2017-04,24864.33,198
sports_leisure,2017-05,35984.5,265
sports_leisure,2017-06,32898.33,250
sports_leisure,2017-07,38813.41,337
sports_leisure,2017-08,41732.26,383
sports_leisure,2017-09,50167.48,416
sports_leisure,2017-10,49751.45,424
sports_leisure,2017-11,64874.05,557
sports_leisure,2017-12,59792.66,440
sports_leisure,2018-01,91574.33,586
sports_leisure,2018-02,75863.95,585
sports_leisure,2018-03,85292.17,672
sports_leisure,2018-04,67528.08,532
sports_leisure,2018-05,59664.11,452
sports_leisure,2018-06,45851.01,377
sports_leisure,2018-07,55292.68,418
sports_leisure,2018-08,51500.16,436
stationery,2017-01,1561.99,7
stationery,2017-02,2341.4,19
stationery,2017-03,5902.62,56
stationery,2017-04,4606.34,36
stationery,2017-05,6049.98,62
stationery,2017-06,3493.57,37
stationery,2017-07,7091.75,75
stationery,2017-08,6366.91,75
stationery,2017-09,6130.41,71
stationery,2017-10,8607.86,93
stationery,2017-11,16699.09,152
stationery,2017-12,25731.0,231
stationery,2018-01,41023.91,379
stationery,2018-02,11889.1,144
stationery,2018-03,13152.74,146
stationery,2018-04,11701.35,131
stationery,2018-05,12923.39,124
stationery,2018-06,12859.08,145
stationery,2018-07,17247.09,169
stationery,2018-08,15563.65,159
tablets_printing_image,2017-02,792.0,8
tablets_printing_image,2017-03,495.0,5
tablets_printing_image,2017-04,1112.88,9
tablets_printing_image,2017-05,1514.98,7
tablets_printing_image,2017-06,594.0,6
tablets_printing_image,2017-07,198.0,2
tablets_printing_image,2017-08,450.89,6
tablets_printing_image,2017-09,233.9,3
tablets_printing_image,2017-10,99.0,1
tablets_printing_image,2017-11,350.4,6
tablets_printing_image,2017-12,419.4,6
tablets_printing_image,2018-01,161.8,3
tablets_printing_image,2018-02,694.97,12
tablets_printing_image,2018-03,259.29,2
tablets_printing_image,2018-04,52.0,1
tablets_printing_image,2018-05,49.9,1
tablets_printing_image,2018-06,50.0,1
telephony,2016-09,59.5,1
telephony,2016-10,500.08,9
telephony,2017-01,2945.86,21
telephony,2017-02,6899.09,100
telephony,2017-03,8121.05,159
telephony,2017-04,7245.87,141
telephony,2017-05,9264.1,204
telephony,2017-06,6757.62,151
telephony,2017-07,9064.86,136
telephony,2017-08,10930.29,131
telephony,2017-09,18559.25,164
telephony,2017-10,22850.76,228
telephony,2017-11,26564.88,351
telephony,2017-12,13611.01,244
telephony,2018-01,14879.96,347
telephony,2018-02,14105.24,333
telephony,2018-03,25804.89,329
telephony,2018-04,16636.84,250
telephony,2018-05,21608.26,243
telephony,2018-06,22776.82,205
telephony,2018-07,26939.41,206
telephony,2018-08,37541.89,246
toys,2016-10,4465.09,25
toys,2017-01,4814.09,43
toys,2017-02,9403.34,62
toys,2017-03,12429.47,100
toys,2017-04,13039.43,103
toys,2017-05,22626.95,196
toys,2017-06,15476.35,152
toys,2017-07,24511.72,201
toys,2017-08,18126.87,170
toys,2017-09,31399.22,273
toys,2017-10,34633.01,279
toys,2017-11,64320.89,452
toys,2017-12,57194.14,421
toys,2018-01,21948.23,158
toys,2018-02,14778.93,137
toys,2018-03,23407.4,222
toys,2018-04,23352.38,196
toys,2018-05,31767.3,214
toys,2018-06,21221.45,177
toys,2018-07,17088.3,149
toys,2018-08,17753.05,155
watches_gifts,2016-10,3360.24,5
watches_gifts,2017-01,8086.52,11
watches_gifts,2017-02,11756.21,35
watches_gifts,2017-03,26770.38,76
watches_gifts,2017-04,23487.78,90
watches_gifts,2017-05,37973.9,126
watches_gifts,2017-06,28948.63,118
watches_gifts,2017-07,36804.56,157
watches_gifts,2017-08,36419.2,195
watches_gifts,2017-09,47135.6,255
watches_gifts,2017-10,65959.53,287
watches_gifts,2017-11,97724.57,430
watches_gifts,2017-12,71727.62,346
watches_gifts,2018-01,75621.24,337
watches_gifts,2018-02,63462.18,317
watches_gifts,2018-03,97861.08,416
watches_gifts,2018-04,92658.57,473
watches_gifts,2018-05,123872.66,596
watches_gifts,2018-06,86885.56,448
watches_gifts,2018-07,95934.59,512
watches_gifts,2018-08,72277.06,392
